user_id,username,email,pw_hash
06a2ed68-3f9b-11e8-ad30-08002705014c,Philip,Philip@gmail.com,pbkdf2:sha256:50000$UnC2ICP5$759642b3232ccfc7da1968511df874930c6d7619e8b83ca0d8a244760de2d357
13c5f454-3f9b-11e8-ad30-08002705014c,piyush,piyush@gmail.com,pbkdf2:sha256:50000$3nT2sLPN$4b74198785d4670ce4e9db418b32c869b6a3d3f9d222b499cb9b36769125c080
411b4070-4104-11e8-9cc2-08002705014c,user1,user1@gmail.com,pbkdf2:sha256:50000$JorY7edY$eb2ea1b3d6b5ce343bb7b741819c91379c5e37512631cba185651df0b706528f
188c4132-3f9b-11e8-ad30-08002705014c,jack,jack@gmail.com,pbkdf2:sha256:50000$tQjZ2Rvx$a428218cdc1cab182dda9965d260a1ba517bf13f338019930756aa78fee807f1
bb255164-4125-11e8-9cc2-08002705014c,swapnil,swapnil@gmail.com,pbkdf2:sha256:50000$u1DNOJyb$947c581e5c5371dcf3fff602edb5d2d3c4f2d65c0004dc884dcde468ea223daa
16a0a444-3f9b-11e8-ad30-08002705014c,chinmayee,chinmayee@gmail.com,pbkdf2:sha256:50000$C40DyHa0$33c2776339d31131794d4c7046b879c7c94c749764cf3ad5b122aa48a4da2d40
e38c33ac-3f9a-11e8-ad30-08002705014c,Murphy,Murphy@gmail.com,pbkdf2:sha256:50000$tqwYNllR$4433cf0a607e8a4e9caee9d3eb2b48bb816afd19fa5829e46d493b288da590a0
04d4f616-3f9b-11e8-ad30-08002705014c,Diane,Diane@gmail.com,pbkdf2:sha256:50000$hX5kFxqt$b208a6e4e462f9f4c55df4deccafcf9611f0433a85bd9f546ba1b49ba51d9b56
ef2a83c6-3f9a-11e8-ad30-08002705014c,Patterson,patterson@gmail.com,pbkdf2:sha256:50000$HlVUm5gc$ebabd22cc344ffe00fdc971a8e12cd81254f98a26d8fcc8a01d4f86353075492
15596bac-3f9b-11e8-ad30-08002705014c,alpesh,alpesh@gmail.com,pbkdf2:sha256:50000$yzgFxd7V$2ca2756f12bfe855ef796624827c1f3c21eb11564dff4416aeb0bd83028944b2
f2722e30-3f9a-11e8-ad30-08002705014c,Jeff,jeff@gmail.com,pbkdf2:sha256:50000$SZqkIzWW$a19cf465a51ac44d90d2c3601618287784a897c74cf4d122b4bfe1c8cf1e8f61
09c9ea14-3f9b-11e8-ad30-08002705014c,Riya,Riya@gmail.com,pbkdf2:sha256:50000$QOWkVg84$f9b3c34bb07b8d9211eb9f36def1a9e6abde7ec17f4f032715e39f8ca6771c1e
19b147ec-3f9b-11e8-ad30-08002705014c,johny,johny@gmail.com,pbkdf2:sha256:50000$zCtDhVS5$9602ac553a826745c2d7d0da696e5e5acd1faaa3f6ce66d28858eb39c20ec4d6
f5c4c304-3f9a-11e8-ad30-08002705014c,Marry,marry@gmail.com,pbkdf2:sha256:50000$Syhrd2hT$015596b839198e916a18a63d09aa931dec6696b897d65badaf955623022edcd7
08456844-3f9b-11e8-ad30-08002705014c,Binh,binh@gmail.com,pbkdf2:sha256:50000$Pp3hkYG7$ae917d013d701ac39ec36d5c76086b4a448cccd280342a9ec9cadbded137bc5a
